"all_species_reported","count","percent"
False,"35273460","24.1271297174282986"
True,"110924867","75.8728702825717014"
